{"products":[{"id":"3","name":"вычесывание","title":"Вычесывание","description":"Стрижка когтей, чистка ушей, вычёсывание, гигиеническая стрижка лап\n1 час","fullDescription":"","price":"1400","oldPrice":"","quantity":1,"currency":"RUB","sku":"","outOfStock":false,"isFeatured":false,"categories":["2"],"images":[{"url":"https://assets.nicepagecdn.com/55d55e46/6403436/images/comb-out_4VEqRFJ.svg"}],"created":1733663397021,"updated":1733835692618,"isDefault":true},{"id":"4","name":"комплекс-со-стрижкой","title":"Комплекс со стрижкой","description":"Стрижка когтей, чистка ушей и глаз, гигиеническая стрижка, мытьё профессиональной косметикой, сушка, стрижка по желаниям\n1200 ₽\n1 час 30 минут\nГигиенический комплекс\nСтрижка когтей, чистка ушей и глаз, мытьё профессиональной косметикой, сушка\n","fullDescription":"Пример текста. Lorem ipsum dolor sit amet, consectetur adipiscing elit, sed do eiusmod tempor incididunt ut Labore et dolore magna aliqua. Ut enim ad minim veniam, quis nostrum exercitation ullamco Laboris ni si ut aliquip ex ea commodo consequat.","price":"1200","oldPrice":"","quantity":1,"currency":"RUB","sku":"","outOfStock":false,"isFeatured":false,"categories":["2"],"images":[{"url":"https://assets.nicepagecdn.com/55d55e46/6403436/images/barbershop.svg"}],"created":1733663397021,"updated":1733835650224,"isDefault":true},{"id":"5","name":"комплекс-с-вычесыванием","title":"Комплекс с вычесыванием","description":"Стрижка когтей, вычёсывание, мытьё профессиональной косметикой, чистка ушей, сушка, гигиеническая стрижка лап\n2 часа","fullDescription":"","price":"2950","oldPrice":"","quantity":1,"currency":"RUB","sku":"","outOfStock":false,"isFeatured":false,"categories":["2"],"images":[{"url":"https://assets.nicepagecdn.com/55d55e46/6403436/images/comb-kolts_6bGtILj.svg"}],"created":1733663397021,"updated":1733835850408,"isDefault":true},{"id":"6","name":"гигиенический-комплекс","title":"Гигиенический комплекс","description":"Стрижка когтей, гигиеническая стрижка лап, вычёсывание, мытьё профессиональной косметикой, сушка\n1 час","fullDescription":"Пример текста. Lorem ipsum dolor sit amet, consectetur adipiscing elit, sed do eiusmod tempor incididunt ut Labore et dolore magna aliqua. Ut enim ad minim veniam, quis nostrum exercitation ullamco Laboris ni si ut aliquip ex ea commodo consequat.","price":"1400","oldPrice":"1500","quantity":1,"currency":"RUB","sku":"","outOfStock":false,"isFeatured":false,"categories":["3"],"images":[{"url":"https://assets.nicepagecdn.com/55d55e46/6403436/images/wash-plus.svg"}],"created":1733663397021,"updated":1733836165923,"isDefault":true},{"id":"1","name":"ультразвуковая-чистка-зубов","title":"Ультразвуковая чистка зубов","description":"Удаление зубного камня и налёта различной сложности, без наркоза\n1 час","fullDescription":"","price":"1500","oldPrice":"","quantity":1,"currency":"RUB","sku":"","outOfStock":false,"isFeatured":false,"categories":["3"],"images":[{"url":"https://assets.nicepagecdn.com/55d55e46/6403436/images/tooth.svg"}],"created":1733663397020,"updated":1733836371748,"isDefault":true},{"id":"2","name":"комплекс-с-машинкой","title":"Комплекс с машинкой","description":"Стрижка когтей, гигиеническая стрижка лап, мытьё профессиональной косметикой, сушка, стрижка машинкой\n2 часа","fullDescription":"","price":"1600","oldPrice":"","quantity":1,"currency":"RUB","sku":"","outOfStock":false,"isFeatured":false,"categories":["3"],"images":[{"url":"https://assets.nicepagecdn.com/55d55e46/6403436/images/trim-kolt.svg"}],"created":1733663397020,"updated":1733836375852,"isDefault":true}],"categories":[{"id":"2","title":"Для кошек","categoryId":null,"created":1733833742737,"updated":1733833763409},{"id":"3","title":"Для собак","categoryId":null,"created":1733833775268,"updated":1733833775268}]}